{
      "cm": {
            "m": 0.01,
            "in": 0.3937,
            "ft": 0.03281
      },

     "m": {
           "cm": 100,
           "in": 39.37,
           "ft": 3.281
     },

     "in": {
           "m": 0.0254,
           "cm": 2.54,
           "ft": 0.08333
     },
     "ft": {
            "m": 0.3048,
            "cm": 30.48,
            "in": 12
     }
}