{
      "mm": {
            "cm": 0.1,
            "m": 0.001,
            "km": 0.000001,
            "in": 0.03937,
            "ft": 0.003281,
            "yd": 0.0010936,
            "config_extend": [
                  ["cm", 10],
                  ["m", 1000],
                  ["in", 25.4],
                  ["ft", 304.8]
            ]
      },

      "yd": {
            "mm": 914.4,
            "cm": 91.44,
            "m": 0.9144,
            "km": 0.0009144,
            "in": 36,
            "ft": 3,
            "config_extend": [
                  ["cm", 0.010936],
                  ["m", 1.0936],
                  ["in", 0.02778],
                  ["ft", 0.33333]
            ]
      },
      "km": {
            "mm": 1000000,
            "cm": 100000,
            "m": 1000,
            "in": 39370,
            "ft": 3281,
            "yd": 1093.6,
            "config_extend": [
                  ["cm", 0.00001],
                  ["m", 0.001],
                  ["in", 0.0000254],
                  ["ft", 0.0003048]
            ]
      }
}